,,0
LBGI,adult#001,0.0
LBGI,adult#002,0.0
LBGI,adult#003,0.0
LBGI,adult#004,0.0
LBGI,adult#005,0.0
LBGI,adult#006,0.0
LBGI,adult#007,0.0
LBGI,adult#008,0.0
LBGI,adult#009,0.0
LBGI,adult#010,0.0
HBGI,adult#001,1.5109019799034997
HBGI,adult#002,1.2960417462442198
HBGI,adult#003,2.506256352585999
HBGI,adult#004,2.9785916408130024
HBGI,adult#005,1.9659402308848901
HBGI,adult#006,1.2171253297619526
HBGI,adult#007,1.1808021043356502
HBGI,adult#008,2.03148717194796
HBGI,adult#009,2.253779513772673
HBGI,adult#010,3.274060671611316
Risk Index,adult#001,1.5109019799034997
Risk Index,adult#002,1.2960417462442198
Risk Index,adult#003,2.506256352585999
Risk Index,adult#004,2.9785916408130024
Risk Index,adult#005,1.9659402308848901
Risk Index,adult#006,1.2171253297619526
Risk Index,adult#007,1.1808021043356502
Risk Index,adult#008,2.03148717194796
Risk Index,adult#009,2.253779513772673
Risk Index,adult#010,3.274060671611316
